<?xml version="1.0" encoding="UTF-8"?>
<!DOCTYPE properties SYSTEM "http://java.sun.com/dtd/properties.dtd">
<properties>
	<comment>member-sql.xml</comment>

	<!-- 로그인(비밀번호,탈퇴여부 제외) -->
	<entry key="login">
		SELECT MEMBER_NO,MEMBER_EMAIL,MEMBER_NICK,MEMBER_TEL,
		MEMBER_ADDR,
		PROFILE_IMG, TO_CHAR(ENROLL_DT,'YYYY-MM-DD HH24:MI:SS')AS
		ENROLL_DT
		FROM MEMBER
		WHERE MEMBER_EMAIL =?
		AND MEMBER_PW =?
		AND
		SECESSION_FL ='N'
	</entry>

	<entry key="signUp">
		INSERT INTO MEMBER
		VALUES(SEQ_MEMBER_NO.NEXTVAL, ?, ?,
		?, ?, ?, NULL, DEFAULT, DEFAULT)
	</entry>

	<entry key="updateMember">
		UPDATE MEMBER SET
		MEMBER_NICK = ?,
		MEMBER_TEL = ?,
		MEMBER_ADDR =?

		WHERE MEMBER_NO = ?
	</entry>

	<!-- 비밀번호 변경 -->
	<entry key="changePw">
		UPDATE MEMBER SET
		MEMBER_PW = ?
		WHERE MEMBER_NO = ?
		AND
		MEMBER_PW = ?
	</entry>

	<!-- 회원 탈퇴 -->
	<entry key="secession">
		UPDATE MEMBER SET
		SECESSION_FL = 'Y'
		WHERE MEMBER_NO = ?
		AND MEMBER_PW = ?
	</entry>

	<!-- 이메일 중복 검사 -->
	<entry key="emailDupCheck">
		SELECT COUNT(*) FROM MEMBER
		WHERE MEMBER_EMAIL = ?
		AND SECESSION_FL = 'N'
	</entry>




</properties>